,Tweets,polarity
0,Sign up for Profectus Systems and beat the market $INTC $WDC $STX $SPY $QQQ $DIA $SPX $VIX $XIV $SVXY $UVXY $DGAZ $UGAZ $PEP $KO $HD,"{'neg': 0.0, 'neu': 1.0, 'pos': 0.0, 'compound': 0.0}"
1,"$CAG, $MF, $GILD, $PLD, $IYR, $INTC, $SPY breaking down to new lows https://t.co/QwuvEYCya1","{'neg': 0.13, 'neu': 0.87, 'pos': 0.0, 'compound': -0.2023}"
2,these are the most active stocks right now $AAPL  $F  $AMD  $DIDI  $INTC  $VICI  $NIO https://t.co/jwkns3F73I,"{'neg': 0.0, 'neu': 0.834, 'pos': 0.166, 'compound': 0.4576}"
3,"Ex-#Dividenden-Termine KW17 - Highlights:
ğŸ‡ºğŸ‡¸: $AAPL $WMT $INTC $WFC $TXN $STZ $AMP $GWW $DHI $LAZ $MAIN $SJW
ğŸ‡¨ğŸ‡¦: Caâ€¦ https://t.co/BL9s69NoS9","{'neg': 0.0, 'neu': 1.0, 'pos': 0.0, 'compound': 0.0}"
4,"~When I was novice I made a lot of mistakes then I came to know about this C0mmunity.,,.,https://t.co/UijPhsrts2â€¦ https://t.co/i5YMgFocVb","{'neg': 0.152, 'neu': 0.848, 'pos': 0.0, 'compound': -0.3612}"
5,"$SPY $QQQ $INTC just got a buy signal, Inverse Cramer is always on point. Intel also wrote a cool paper about AI inâ€¦ https://t.co/CuTfx3sn4v","{'neg': 0.0, 'neu': 0.901, 'pos': 0.099, 'compound': 0.3182}"
6,Need Fast Computer? ABS Legend #Gaming PC - Intel $INTC i9 10900KF - ASUS ROG STRIX GeForce RTX 3090 OC 24Gâ€¦ https://t.co/E4U2YS8UVf,"{'neg': 0.0, 'neu': 1.0, 'pos': 0.0, 'compound': 0.0}"
7,"Omg Intel is going to double $intc - MINIMUM 

The only semiconductor stock Jim Cramer DIDN'T UPGRADE? Are you kiddâ€¦ https://t.co/DuDksTe4Fo","{'neg': 0.0, 'neu': 1.0, 'pos': 0.0, 'compound': 0.0}"
8,Bear Mkt Rally on Draft Day then MktğŸ‘ $AARK $AMZN $NFLX $ZM $INTC $QQQ $CRM $AMD $PYPL $F $GM $SPY $AAPL $SMH $NVDAâ€¦ https://t.co/ZAQ7SgobRi,"{'neg': 0.0, 'neu': 1.0, 'pos': 0.0, 'compound': 0.0}"
9,"@TaiwanSemiHoe @petenajarian @Wayne_Razzi @ryanmastro5 @MarketRebels Nope, just on my watch list and with $INTC earâ€¦ https://t.co/fe33UJQugd","{'neg': 0.0, 'neu': 1.0, 'pos': 0.0, 'compound': 0.0}"
10,"RT @RBsDividends: Made small buys today, DCA into many positions
$SBUX, $JPM, $VZ, $WBA, $BAC, $HD, $INTC, $MMM, $DE, $MSFT, $LOW","{'neg': 0.0, 'neu': 1.0, 'pos': 0.0, 'compound': 0.0}"
11,SweepCast ğŸ¦ Unusual Options Observed : $INTC with our scanner on $45 CALL Expiring: 01/19/2024 worth 36KğŸ‚  Start Yoâ€¦ https://t.co/CAIW0NZTQa,"{'neg': 0.0, 'neu': 0.899, 'pos': 0.101, 'compound': 0.2263}"
12,$intc     Another day of gains at BullTrades. ğŸ”—  https://t.co/FNoo7RqiNx,"{'neg': 0.0, 'neu': 0.745, 'pos': 0.255, 'compound': 0.34}"
13,@DvdndDiplomats $BX $INTC and $VZ,"{'neg': 0.0, 'neu': 1.0, 'pos': 0.0, 'compound': 0.0}"
14,"~When I was novice I made a lot of mistakes then I came to know about this C0mmunity.,,.,https://t.co/UijPhsrts2â€¦ https://t.co/ZNi3TK2CAy","{'neg': 0.152, 'neu': 0.848, 'pos': 0.0, 'compound': -0.3612}"
15,@HeyRhettBarrett @FreshFedPaper @faststocknewss $INTC is still on the PC business ğŸ˜¬,"{'neg': 0.0, 'neu': 1.0, 'pos': 0.0, 'compound': 0.0}"
16,Short sale volume (not short interest) for $MRVL on 2022-04-29 is 48%. https://t.co/jiGm0eyVQo $QCOM 54% $INTC 58%,"{'neg': 0.0, 'neu': 1.0, 'pos': 0.0, 'compound': 0.0}"
17,"$PYPL $HAL $CLF $SCHW $XOM $GOOGL $JNJ $AAL $CL $SNAP $BK $T $SOFI $TWTR $UPS $LMT $F $INTC $NUE $UPST $BA
 DAILY Lâ€¦ https://t.co/kzvKinlzZp","{'neg': 0.0, 'neu': 1.0, 'pos': 0.0, 'compound': 0.0}"
18,"Great Investment Guys 
$abbv $appl $amzn $ba $brk $bhc $cmg $dis $f $ge $hlf $iep $jnj $ko $ibm $pep $ms $gs $wfcâ€¦ https://t.co/Qa4B8SnaJE","{'neg': 0.0, 'neu': 0.843, 'pos': 0.157, 'compound': 0.6249}"
19,$QQQ $BLNK $INTC $NFLX $BABA $BTC.X $MU $MOMO $TSN $FEYS $CAKE $SPAQ $KODK $QCOM $DOW $GOOGL $DOW $TDOC $AALâ€¦ https://t.co/86b77cfyG1,"{'neg': 0.0, 'neu': 1.0, 'pos': 0.0, 'compound': 0.0}"
20,RT @UPBOptionMil: Largest stock option open interest changes -- $KMX $QCOM $AAPL $FB $ROLU $INTC $MRO $BTU $GE $TWTR https://t.co/QQOBuNGlGS,"{'neg': 0.0, 'neu': 0.864, 'pos': 0.136, 'compound': 0.4588}"
21,RT @UPBOptionMil: Todays most active stock options $AAPL $BBIG $TSLA $FB $INTC $F https://t.co/hfRenPURJh,"{'neg': 0.0, 'neu': 0.813, 'pos': 0.187, 'compound': 0.4576}"
22,$intc    Another winning alert based on our custom ThinkorSwim script.  ğŸ”—  https://t.co/m3nX8F4IRb,"{'neg': 0.0, 'neu': 0.616, 'pos': 0.384, 'compound': 0.6808}"
23,"$AMZN Gets Crushed 
$abbv $appl $amzn $ba $brk $bhc $cmg $dis $f $ge $hlf $iep $jnj $ko $ibm $pep $ms $gs $wfc $jpmâ€¦ https://t.co/2OY5mGegSt","{'neg': 0.109, 'neu': 0.891, 'pos': 0.0, 'compound': -0.4215}"
24,"~When I was novice I made a lot of mistakes then I came to know about this C0mmunity.,,.,https://t.co/UijPhsrts2â€¦ https://t.co/hgTPe2k3Uy","{'neg': 0.152, 'neu': 0.848, 'pos': 0.0, 'compound': -0.3612}"
25,"RT @SelectOptions: BLOCK 25000 $INTC 07/15/22 $40 puts for $1.33 

Spot: $44.00
Volume: 25,587
OI: 4,994
IV: 36.85%
Premium: $3.3m
Sector:â€¦","{'neg': 0.154, 'neu': 0.846, 'pos': 0.0, 'compound': -0.5622}"
26,"2022/04/30 12:01:16
ãƒ€ã‚¦30ç¨® 2/3ï¼šYTD
$KO +9.79%
$JNJ +5.88%
$IBM -1.64%
$HON -5.91%
$MCD -6.71%
$INTC -17.46%
$MMM -18â€¦ https://t.co/KpEFy7HAMP","{'neg': 0.0, 'neu': 1.0, 'pos': 0.0, 'compound': 0.0}"
27,"2022/04/30 12:01:07
åŠå°ä½“ï¼šYTD
$TXN -10.09%
$ADI -12.43%
$AVGO -15.86%
$INTC -17.46%
$QCOM -24.67%
$TSM -27.50%
$MU -2â€¦ https://t.co/F0FVj52ZI1","{'neg': 0.0, 'neu': 1.0, 'pos': 0.0, 'compound': 0.0}"
28,"RT @4ki4: ã‚¤ãƒ³ãƒ†ãƒ«CEOã€ŒåŠå°ä½“ä¸è¶³ã€24å¹´ã¾ã§ã€ã€€1ï½3æœˆ7%æ¸›å: æ—¥æœ¬çµŒæ¸ˆæ–°è
https://t.co/FjWj2XRnxfâ€¦

ç±³ã‚¤ãƒ³ãƒ†ãƒ«ã€ç¬¬2å››åŠæœŸè¦‹é€šã—ãŒå¸‚å ´äºˆæƒ³ä¸‹å›ã‚‹ã€€ä¾›çµ¦ç¶²æ‡¸å¿µã§ | Reuters
https://t.co/2UlnYIa3KUâ€¦","{'neg': 0.0, 'neu': 1.0, 'pos': 0.0, 'compound': 0.0}"
29,"$PYPL $HAL $CLF $SCHW $XOM $GOOGL $JNJ $AAL $CL $SNAP $BK $T $SOFI $TWTR $UPS $LMT $F $INTC $NUE $UPST $BA
 DAILY Lâ€¦ https://t.co/hRmMuAHaIh","{'neg': 0.0, 'neu': 1.0, 'pos': 0.0, 'compound': 0.0}"
30,"$SOXL Direxion Daily Semiconductor Bull 
çµ„å…¥ä¸Šä½10éŠ˜æŸ„@ MAR 31, â€˜22

ğŸ¥‡ $NVDA 8.9%
ğŸ¥ˆ $AVGO 8.5%
ğŸ¥‰ $AMD 7.0%
 4 $INTC 6.1%â€¦ https://t.co/3RgEquIf26","{'neg': 0.0, 'neu': 1.0, 'pos': 0.0, 'compound': 0.0}"
31,$COST $MCD $WMT $FB $VIX  $BA $AMD $INTC $JNJ $MGM $SBUX $SPY $NFLX $FB $COST $MIST $AMZN $INUVâ€¦ https://t.co/cMknUkJKSO,"{'neg': 0.0, 'neu': 1.0, 'pos': 0.0, 'compound': 0.0}"
32,RT @davidsettle42: 04/29/22 - View today's #MarketOutlook from @MarketScholars here: https://t.co/z3hZCFVRcm Discussed: $SPY $IWM $EEM $EFAâ€¦,"{'neg': 0.0, 'neu': 1.0, 'pos': 0.0, 'compound': 0.0}"
33,"@irbezek @soloprosperity @talbottzink I like this framework, there are a lot of big hits. 

Banks/homebuilders in 0â€¦ https://t.co/TTsAVEMyMv","{'neg': 0.0, 'neu': 0.857, 'pos': 0.143, 'compound': 0.3612}"
34,"RT @vnkumarvnk: Weekly #earnings prediction review! 

$MSFT âœ…
$GOOGL âŒ
$V âœ…
$CMG âŒ
$UPS âœ…
$BA âœ…
$FB âŒ
$PYPL âŒ
$SPOT âœ…
$QCOM âœ…
$TDOC âœ…
$PINSâ€¦","{'neg': 0.0, 'neu': 1.0, 'pos': 0.0, 'compound': 0.0}"
35,@Dividend_Engine @SteveWagsInvest I took todayâ€™s #dividend earnings from $MO $BCSF $GLAD $NLY and bought $INTC. Itâ€™â€¦ https://t.co/fcUNlozvlL,"{'neg': 0.0, 'neu': 1.0, 'pos': 0.0, 'compound': 0.0}"
36,RT @davidsettle42: 04/29/22 - View today's #MarketOutlook from @MarketScholars here: https://t.co/z3hZCFVRcm Discussed: $SPY $IWM $EEM $EFAâ€¦,"{'neg': 0.0, 'neu': 1.0, 'pos': 0.0, 'compound': 0.0}"
37,"@intel anticipates industry to witness supply shortages until 2024, in areas like foundry capacity and tool availabâ€¦ https://t.co/lXnAoOVEFV","{'neg': 0.08, 'neu': 0.796, 'pos': 0.124, 'compound': 0.2263}"
38,"RT @yan_blog: âœ…ç±³å›½10å¹´å‚µåˆ©å›ã‚Š 2.938â†—ï¸
âœ…ãƒ‰ãƒ«/å†† 129.85
âœ…3æŒ‡æ•° â†˜ï¸ğŸŸ¥ ãƒ€ã‚¦-4.2% NAS-2.8%
âœ…åŸæ²¹WTI â†˜ï¸ å¤©ç„¶ã‚¬ã‚¹â†—ï¸
ğŸ”– $AMZN -14% $AAPL -3.7%
ğŸ”–å…¨é¢çš„ã«â†˜ï¸ï¼ˆå¤§å‹ãƒ†ãƒƒã‚¯ã€åŠå°ä½“ã€ã‚¨ãƒãƒ«ã‚®ãƒ¼ã€æµ·â€¦","{'neg': 0.0, 'neu': 1.0, 'pos': 0.0, 'compound': 0.0}"
39,"Intel had a strong Q1 2022, beating on both the top and bottom line estimates.

ğŸ¯  Intel Foundry Services +175%
ğŸ¯â€¦ https://t.co/84wRA3E7Xz","{'neg': 0.12, 'neu': 0.677, 'pos': 0.203, 'compound': 0.2732}"
40,"~When I was novice I made a lot of mistakes then I came to know about this C0mmunity.,,.,https://t.co/UijPhsrts2â€¦ https://t.co/GIZjs35fmu","{'neg': 0.152, 'neu': 0.848, 'pos': 0.0, 'compound': -0.3612}"
41,"RT @IFB_podcast: A $INTC (Intel) Deep Dive

Founded in 1968 by Gordon Moore, along with the creation of Moore's law, Intel has survived andâ€¦","{'neg': 0.0, 'neu': 0.795, 'pos': 0.205, 'compound': 0.6597}"
42,@VolumePrintcess $INTC  closed below pandemic lows on confirmed lower guidance! ğŸ˜³ Look out below!,"{'neg': 0.294, 'neu': 0.706, 'pos': 0.0, 'compound': -0.555}"
43,"Weekly #earnings prediction review! 

$MSFT âœ…
$GOOGL âŒ
$V âœ…
$CMG âŒ
$UPS âœ…
$BA âœ…
$FB âŒ
$PYPL âŒ
$SPOT âœ…
$QCOM âœ…
$TDOCâ€¦ https://t.co/IA5TggBU7l","{'neg': 0.0, 'neu': 1.0, 'pos': 0.0, 'compound': 0.0}"
44,"#OptionsTrading at the close. Interesting to see where the bets were for today (0 DTE) and into next week. 

$AAPLâ€¦ https://t.co/wi7hc6fi9N","{'neg': 0.0, 'neu': 0.881, 'pos': 0.119, 'compound': 0.4019}"
45,"$COST $MCD $WMT $FB $VIX  $BA $AMD $INTC $JNJ $MGM 

 https://t.co/gn2wxQ5555 https://t.co/cBXcN4b22y","{'neg': 0.0, 'neu': 1.0, 'pos': 0.0, 'compound': 0.0}"
46,RT @davidsettle42: 04/29/22 - View today's #MarketOutlook from @MarketScholars here: https://t.co/z3hZCFVRcm Discussed: $SPY $IWM $EEM $EFAâ€¦,"{'neg': 0.0, 'neu': 1.0, 'pos': 0.0, 'compound': 0.0}"
47,RT @davidsettle42: 04/29/22 - View today's #MarketOutlook from @MarketScholars here: https://t.co/z3hZCFVRcm Discussed: $SPY $IWM $EEM $EFAâ€¦,"{'neg': 0.0, 'neu': 1.0, 'pos': 0.0, 'compound': 0.0}"
48,"5/2ï½5/6ã®æˆ¦ç•¥
ãƒ»å†ã³ãƒãƒ³ãƒã‚¸ãƒãƒ³ã‚°ãƒ¬ãƒ¼ãƒˆã€‚è½ã¡ãã‚‹ã¾ã§ä½•ã‚‚ã—ãªã„
ãƒ»æ–°ã—ã„æŠ•è³‡å…ˆã‚’æ¢ã™ã€‚æ ªå¼å¸‚å ´ã¨ä¸»è¦ä»®æƒ³é€šè²¨ãŒè»’ä¸¦ã¿æ­»ã‚“ã§ã‚‹ãŸã‚ã€‚
ãƒ» $INTC ã®æ±ºç®—ãŒæ‚ªã‹ã£ãŸã€‚åŠå°ä½“ã®ä¾›çµ¦ç¶²æ‡¸å¿µã ã¨ã™ã‚‹ã¨ã€ $SOX é–¢é€£ã¯è»’ä¸¦ã¿â€¦ https://t.co/gtyoElvEwn","{'neg': 0.0, 'neu': 1.0, 'pos': 0.0, 'compound': 0.0}"
49,"RT @DylanOnChips: My take on @intel's earnings:

Intel says costly 10nm ramp will counter PC slowdown https://t.co/51HLquyqUo #intel $intcâ€¦","{'neg': 0.072, 'neu': 0.928, 'pos': 0.0, 'compound': -0.1027}"
50,"RT @hirokinv: Intelã¯æœ¬å½“ã«EUVéœ²å…‰è£…ç½®ã‚’æº€è¶³ã«æ‰‹ã«å…¥ã‚Œã‚‰ã‚Œãªã„ã®ã‹ã€‚
Intelã«ã¯ç¾åœ¨ã€EUVéœ²å…‰è£…ç½®ã‚’å—ã‘å–ã‚‹ãŸã‚ã®åˆ—ã®ä¸€ç•ªæœ€å¾Œã«ã„ã‚‹ãŸã‚ã«ååˆ†ãªæ•°ã®è£…ç½®ã‚’ç¢ºä¿ã§ããªã„ã¨ã„ã†æ†¶æ¸¬ãŒé£›ã³äº¤ã£ã¦ã„ã‚‹ã€‚

$INTC - Intel: EUV Misinfoâ€¦","{'neg': 0.0, 'neu': 1.0, 'pos': 0.0, 'compound': 0.0}"
51,$INTC Look! I got this 100% Profitability across 7  trades in 1 month. Current rating is Bearish. Now I will wait fâ€¦ https://t.co/K1M75GbfXP,"{'neg': 0.0, 'neu': 0.883, 'pos': 0.117, 'compound': 0.3382}"
52,"RT @1000_trading: #RealizedRecap ğŸ“š ğŸ› 

$VIVK $INTC $RDBX ğŸ§€ 

$SWVL $NKTX $HOUR ğŸ¤

$HUSA $ERYP $AMZN ğŸ”»

#BuytheDip ğŸ¦‹ https://t.co/jghZosqWAT","{'neg': 0.0, 'neu': 1.0, 'pos': 0.0, 'compound': 0.0}"
53,"RT @1000_trading: #RealizedRecap ğŸ“š ğŸ› 

$VIVK $INTC $RDBX ğŸ§€ 

$SWVL $NKTX $HOUR ğŸ¤

$HUSA $ERYP $AMZN ğŸ”»

#BuytheDip ğŸ¦‹ https://t.co/jghZosqWAT","{'neg': 0.0, 'neu': 1.0, 'pos': 0.0, 'compound': 0.0}"
54,"#RealizedRecap ğŸ“š ğŸ› 

$VIVK $INTC $RDBX ğŸ§€ 

$SWVL $NKTX $HOUR ğŸ¤

$HUSA $ERYP $AMZN ğŸ”»

#BuytheDip ğŸ¦‹ https://t.co/jghZosqWAT","{'neg': 0.0, 'neu': 1.0, 'pos': 0.0, 'compound': 0.0}"
55,"$AMD $INTC NEW ARTICLE : AMD Well-Positioned to Continue Taking Market Share, Says Raymond Jamesâ€¦ https://t.co/yvFS1LDk7z","{'neg': 0.0, 'neu': 0.864, 'pos': 0.136, 'compound': 0.296}"
56,"~When I was novice I made a lot of mistakes then I came to know about this C0mmunity.,,.,https://t.co/UijPhsrts2â€¦ https://t.co/bimGIr8VMS","{'neg': 0.152, 'neu': 0.848, 'pos': 0.0, 'compound': -0.3612}"
57,SweepCast ğŸ¦ Unusual Options Observed : $INTC with our scanner on $55 CALL Expiring: 01/20/2023 worth 52KğŸ‚  Start Yoâ€¦ https://t.co/84XD2hJxWn,"{'neg': 0.0, 'neu': 0.899, 'pos': 0.101, 'compound': 0.2263}"
58,"ğŸ”–å…¨é¢çš„ã«â†˜ï¸ï¼ˆå¤§å‹ãƒ†ãƒƒã‚¯ã€åŠå°ä½“ã€ã‚¨ãƒãƒ«ã‚®ãƒ¼ï¼‰
$MSFT $GOOG $NFLX $NVDA $INTC $QCOM $CPE $CLR $KOS $FTI $NAT $DSX $MAR https://t.co/pifm9KgEha","{'neg': 0.0, 'neu': 1.0, 'pos': 0.0, 'compound': 0.0}"
59,"Intel's CEO is trying to set expectations as low as possible, as $INTC today closed at a 52-week low.â€¦ https://t.co/9PYSKvVGgh","{'neg': 0.104, 'neu': 0.896, 'pos': 0.0, 'compound': -0.2732}"
60,"âœ…ç±³å›½10å¹´å‚µåˆ©å›ã‚Š 2.938â†—ï¸
âœ…ãƒ‰ãƒ«/å†† 129.85
âœ…3æŒ‡æ•° â†˜ï¸ğŸŸ¥ ãƒ€ã‚¦-4.2% NAS-2.8%
âœ…åŸæ²¹WTI â†˜ï¸ å¤©ç„¶ã‚¬ã‚¹â†—ï¸
ğŸ”– $AMZN -14% $AAPL -3.7%
ğŸ”–å…¨é¢çš„ã«â†˜ï¸ï¼ˆå¤§å‹ãƒ†ãƒƒã‚¯ã€åŠâ€¦ https://t.co/5ZHdpHHbGu","{'neg': 0.0, 'neu': 1.0, 'pos': 0.0, 'compound': 0.0}"
61,Top Equity activity from Smart Money daily recap courtesy of the real-time dashboard from ğŸ”¥ https://t.co/7wgngQBiDbâ€¦ https://t.co/QOsZGXxzY8,"{'neg': 0.0, 'neu': 0.65, 'pos': 0.35, 'compound': 0.7184}"
62,"RT @bayarea489: I look forward to the next cycle, fresh powder on the sidelineâ€¦ $amd $nvda  $intc $mu $amat  $aapl $tsmc 

https://t.co/lHlâ€¦","{'neg': 0.0, 'neu': 0.897, 'pos': 0.103, 'compound': 0.3182}"
63,"Stocks with most active options trading today:

$AAPL - 1.826M
$TSLA - 1.126M
$AMZN - 496k
$FB - 445k
$BABA - 371kâ€¦ https://t.co/tKpofFBX0V","{'neg': 0.0, 'neu': 0.85, 'pos': 0.15, 'compound': 0.4576}"
64,these are the most active stocks right now $AAPL  $AMD  $F  $DIDI  $VICI  $NIO  $INTC https://t.co/WDPsEDTrrx,"{'neg': 0.0, 'neu': 0.834, 'pos': 0.166, 'compound': 0.4576}"
65,RT @NorthmanTrader: Yesterday's rally following $AAPL $AMZN &amp; $INTC https://t.co/x8DCLJwqHK,"{'neg': 0.0, 'neu': 1.0, 'pos': 0.0, 'compound': 0.0}"
66,"RT @BrandonGurr: Updated 2022 Late Cycle Portfolio

Long
Industrials $LMT $NOC $RTX $GD $TXT $CAT $HON $BA $INTC*
Finance $JPM $DE $LAND $Fâ€¦","{'neg': 0.0, 'neu': 1.0, 'pos': 0.0, 'compound': 0.0}"
67,"Updated 2022 Late Cycle Portfolio

Long
Industrials $LMT $NOC $RTX $GD $TXT $CAT $HON $BA $INTC*
Finance $JPM $DEâ€¦ https://t.co/izLPcTBiwA","{'neg': 0.0, 'neu': 1.0, 'pos': 0.0, 'compound': 0.0}"
68,$SPY $QQQ $IWM $AMD $NVDA $AAPL $TSLA $MSFT $FB $NFLX $AMZN $MU $INTC $OXY $XOM https://t.co/jWHx5HHMgF,"{'neg': 0.0, 'neu': 1.0, 'pos': 0.0, 'compound': 0.0}"
69,"â­ï¸4/30æœåˆŠâ‘£
$INTC   $CVX ã®æ±ºç®—ï¼
ã‚·ã‚§ãƒ–ãƒ­ãƒ³ã¯ä»–ã¨é•ã£ã¦å¢—ç”£é ‘å¼µã‚Šãã†â‰ï¸
ã€€ã‚¤ãƒ³ãƒ†ãƒ«ã®ã‚¬ã‚¤ãƒ€ãƒ³ã‚¹ã¯ä¸­å›½ãƒ­ãƒƒã‚¯ãƒ€ã‚¦ãƒ³ã®å½±éŸ¿ã‚ã‚Šã€‚ https://t.co/dA4RfZqxcf","{'neg': 0.0, 'neu': 1.0, 'pos': 0.0, 'compound': 0.0}"
70,"What You Missed On Wall Street This Morning 
$QCOM $WEN $SIRI $BIIB $DAL $UAL $TWTR $BAC $SYF $NATI $DIDI $TSLAâ€¦ https://t.co/VoX3mCsouV","{'neg': 0.099, 'neu': 0.901, 'pos': 0.0, 'compound': -0.296}"
71,"I look forward to the next cycle, fresh powder on the sidelineâ€¦ $amd $nvda  $intc $mu $amat  $aapl $tsmc 

https://t.co/lHl7y2wopy","{'neg': 0.0, 'neu': 0.887, 'pos': 0.113, 'compound': 0.3182}"
72,"~When I was novice I made a lot of mistakes then I came to know about this C0mmunity.,,.,https://t.co/UijPhsrts2â€¦ https://t.co/WHsmA7tCRB","{'neg': 0.152, 'neu': 0.848, 'pos': 0.0, 'compound': -0.3612}"
73,"This morning's Market Report just sent. Have a great weekend!
 
$SPY $SPX $DJIA $QQQ $IWM $VIX $AAPL $GOOG $XOMâ€¦ https://t.co/BwBmJwszYf","{'neg': 0.0, 'neu': 0.804, 'pos': 0.196, 'compound': 0.6588}"
74,RT @davidsettle42: 04/29/22 - View today's #MarketOutlook from @MarketScholars here: https://t.co/z3hZCFVRcm Discussed: $SPY $IWM $EEM $EFAâ€¦,"{'neg': 0.0, 'neu': 1.0, 'pos': 0.0, 'compound': 0.0}"
75,Need Fast Computer? BAREBONES #Gaming SYSTEM MM9.24.744 Intel $INTC i9-11900K 11th Gen 64GB RAM RTX 3090â€¦ https://t.co/Jk8isxhj3b,"{'neg': 0.0, 'neu': 1.0, 'pos': 0.0, 'compound': 0.0}"
76,"RT @StockmanDuck: Top tweeted stocks:
$AMZN $AAPL $TSLA $FB $NFLX $TWTR $HOOD $SPX $BABA $MSFT $TDOC $ES $ROKU $RIVN $NVDA $LNTH $F $AMD $Xâ€¦","{'neg': 0.0, 'neu': 0.927, 'pos': 0.073, 'compound': 0.2023}"
77,"RT @StockmanDuck: Top tweeted stocks:
$AMZN $AAPL $TSLA $FB $NFLX $TWTR $HOOD $SPX $BABA $MSFT $TDOC $ES $ROKU $RIVN $NVDA $LNTH $F $AMD $Xâ€¦","{'neg': 0.0, 'neu': 0.927, 'pos': 0.073, 'compound': 0.2023}"
78,04/29/22 - View today's #MarketOutlook from @MarketScholars here: https://t.co/z3hZCFVRcm Discussed: $SPY $IWM $EEMâ€¦ https://t.co/RkY5bKo3iz,"{'neg': 0.0, 'neu': 1.0, 'pos': 0.0, 'compound': 0.0}"
79,[æ±ºç®—ã‚«ãƒ³ãƒ•ã‚¡ãƒ¬ãƒ³ã‚¹ã‚³ãƒ¼ãƒ«] $INTC Intel Corporation (NASDAQ:INTC) Q1 2022ï½œç±³æ ªé€Ÿå ±ãƒãƒ³ @SokuhouMan #note https://t.co/vkJp1SWqP2,"{'neg': 0.0, 'neu': 1.0, 'pos': 0.0, 'compound': 0.0}"
80,"Top tweeted stocks:
$AMZN $AAPL $TSLA $FB $NFLX $TWTR $HOOD $SPX $BABA $MSFT $TDOC $ES $ROKU $RIVN $NVDA $LNTH $Fâ€¦ https://t.co/7jn4NxCoUs","{'neg': 0.0, 'neu': 0.917, 'pos': 0.083, 'compound': 0.2023}"
81,"$OST down 88% Thurs. &amp; 20% today. TINY FLOAT. SQUEEZE!

$AAPL $GOOG $INTC $AMZN $MSFT $AKAM $CMCSA $PFE $MU $NFLXâ€¦ https://t.co/IxqdXGHSlo","{'neg': 0.0, 'neu': 1.0, 'pos': 0.0, 'compound': 0.0}"
82,"RT @ARENAALFA: Antes de pandemia el NASDAQ estaba por los 9000 puntos

En Pandemia bajo a 6700

Hoy esta por los 12.300

Es que a pesar deâ€¦","{'neg': 0.0, 'neu': 1.0, 'pos': 0.0, 'compound': 0.0}"
83,[å››åŠæœŸå ±å‘Šæ›¸(10-Q)] $INTC Intel Corporationï½œç±³æ ªé€Ÿå ±ãƒãƒ³ @SokuhouMan #note https://t.co/E81lSABvHQ,"{'neg': 0.0, 'neu': 1.0, 'pos': 0.0, 'compound': 0.0}"
84,"What ticker would you like to see the next due diligence with technical analysis on?

$DIDI $INTC $VICI $NIO $DUOâ€¦ https://t.co/3KB91g9kEA","{'neg': 0.0, 'neu': 0.889, 'pos': 0.111, 'compound': 0.3612}"
85,"RT @ARENAALFA: Antes de pandemia el NASDAQ estaba por los 9000 puntos

En Pandemia bajo a 6700

Hoy esta por los 12.300

Es que a pesar deâ€¦","{'neg': 0.0, 'neu': 1.0, 'pos': 0.0, 'compound': 0.0}"
86,"What ticker would you like to see the next due diligence with technical analysis on?

$APPL $SNDL $RDBX $AMD $DIDIâ€¦ https://t.co/PC5PHoa5gk","{'neg': 0.0, 'neu': 0.889, 'pos': 0.111, 'compound': 0.3612}"
87,"RT @OptionsProVol: Today Top Flow in #StockMarket, Buy Flow &amp; Sell Flow $FB $TSLA $BABA $SPY $XOM $GNR $MO $QQQ $IXJ $MNQM22 $HYG $VZ $BRK.â€¦","{'neg': 0.0, 'neu': 0.93, 'pos': 0.07, 'compound': 0.2023}"
88,Averaged down on $INTC too. https://t.co/x5bfc6CFBZ,"{'neg': 0.0, 'neu': 1.0, 'pos': 0.0, 'compound': 0.0}"
89,RT @NorthmanTrader: Yesterday's rally following $AAPL $AMZN &amp; $INTC https://t.co/x8DCLJwqHK,"{'neg': 0.0, 'neu': 1.0, 'pos': 0.0, 'compound': 0.0}"
90,"@faststocknewss $AMZN is an early stage SEARS. Basically, $AMZN (and  all  other big tech) is a utility company...$â€¦ https://t.co/E8jHmW3WVI","{'neg': 0.0, 'neu': 1.0, 'pos': 0.0, 'compound': 0.0}"
91,"Relative Strength on chips 

$NVDA, $AMD, $INTC","{'neg': 0.0, 'neu': 0.652, 'pos': 0.348, 'compound': 0.4939}"
92,"Short alert: 'Intel' $INTC broke resistance on 2022-04-29 of 45.56 USD
P/E: 8 | MarketCap: 184.24B | Float: 4.07B
Pâ€¦ https://t.co/UvY2hQUBsV","{'neg': 0.133, 'neu': 0.762, 'pos': 0.105, 'compound': -0.1531}"
93,"1/
Thoughts to end the week. 

Brutal close today, which is good for value investors. This week has been eventful.â€¦ https://t.co/ESzn4yKh2C","{'neg': 0.15, 'neu': 0.657, 'pos': 0.193, 'compound': 0.0516}"
94,"2022å¹´4æœˆã€æŠ•è³‡ãƒªã‚¿ãƒ¼ãƒ³ã€‘
å¹´åˆæ¥ -7.75%(ãƒ‰ãƒ«å»º)
è²·:  
ç„¡ã—
å£²:  
$INTC $UPS $GOOG
å††å»ºã¦+4.01%ã€‚å¾ã€…ã«å£²å´ã—CP73%ã¾ã§å¢—åŠ ã€‚è²·ã„ã®æ©Ÿä¼šã¯å½“åˆ†ã“ãªãã†ã ãŒã€å¼•ãç¶šããƒãƒ£ãƒ³ã‚¹ã‚’å¾…ã¡ãŸã„ã€‚","{'neg': 0.0, 'neu': 1.0, 'pos': 0.0, 'compound': 0.0}"
95,these are the most active stocks right now $AAPL  $F  $AMD  $DIDI  $VICI  $NIO  $INTC https://t.co/QqrYJUY9rE,"{'neg': 0.0, 'neu': 0.834, 'pos': 0.166, 'compound': 0.4576}"
96,Intel $INTC settled -6.9% to $43.59. M/t broken with the main market. https://t.co/oI3l5XzHB9,"{'neg': 0.205, 'neu': 0.795, 'pos': 0.0, 'compound': -0.4767}"
97,"~When I was novice I made a lot of mistakes then I came to know about this C0mmunity.,,.,https://t.co/UijPhsrts2â€¦ https://t.co/a70J0mT5ie","{'neg': 0.152, 'neu': 0.848, 'pos': 0.0, 'compound': -0.3612}"
98,"RT @Bullishcharts01: #Intel (#NASDAQ: $INTC) Flashing Super Strong #SupportArea! ğŸ”¦ [#TechnicalAnalysis]

  [ All Content Is For Informationâ€¦","{'neg': 0.0, 'neu': 0.634, 'pos': 0.366, 'compound': 0.8172}"
99,ğŸŸ¢ 3 Semiconductor Stocks Providing Better Value Than Intel https://t.co/F2I4zmGRHf $INTC,"{'neg': 0.0, 'neu': 0.569, 'pos': 0.431, 'compound': 0.6486}"
